CarNumber,SURNAME
Y163O8161RUS,BAKER
E432XX77RUS,CRUZ
7184TT36RUS,MARTIN
X582HE161RUS,REED
92918M178RUS,COOPER
H234YH197RUS,WOOD
E40577152RUS,COLLINS
707987163RUS,ALLEN
K330T8197RUS,PRICE
X786CO96RUS,ROBINSON
C477M7161RUS,ALVAREZ
O21997197RUS,HERNANDEZ
M592CH197RUS,STEWART
9020YC197RUS,PEREZ
8182XX154RUS,REED
7830C8197RUS,HALL
7066C8197RUS,PRICE
M298CH161RUS,DIAZ
E445TC197RUS,RUIZ
8440XX154RUS,EVANS
9371CE154RUS,MORRIS
9182CE154RUS,COOPER
83298C154RUS,WILSON
Y7659C197RUS,PRICE
C922YE197RUS,TURNER
7364C8197RUS,MARTINEZ
M5039X197RUS,HALL
8603T8154RUS,REED
92928M178RUS,SANCHEZ
O672E8197RUS,MORRIS
E42277152RUS,MARTINEZ
C903MC161RUS,TAYLOR
T7318T163RUS,COLLINS
Y7719C197RUS,RIVERA
T011MY163RUS,TORRES
H115YO163RUS,GARCIA
73467Y96RUS,COX
O134HE197RUS,DIAZ
H968HY161RUS,ANDERSON
Y654E8750RUS,WHITE
H963HY161RUS,ROGERS
H232YH197RUS,SMITH
7843C8197RUS,WARD
X791O796RUS,PARKER
H958HY161RUS,COLLINS
708587163RUS,WATSON
Y973O8197RUS,KING
97977H178RUS,COLLINS
H917TC36RUS,GARCIA
Y7709C197RUS,GUTIERREZ
8513XX154RUS,MURPHY
T870X7163RUS,THOMAS
8818C877RUS,LONG
T395OT197RUS,STEWART
K327T8197RUS,THOMAS
8311XX154RUS,HUGHES
X423MK197RUS,CARTER
96429X178RUS,BROOKS
O275O7161RUS,RIVERA
7789KT197RUS,COLLINS
E28877161RUS,PEREZ
T6068M116RUS,HERNANDEZ
9498KX178RUS,MENDOZA
99209X178RUS,MORRIS
T6449O50RUS,MENDOZA
9683EC178RUS,GRAY
Y353O8197RUS,MYERS
O719MM163RUS,RODRIGUEZ
E535MM199RUS,PHILLIPS
Y352O8197RUS,THOMAS
7788KT197RUS,JIMENEZ
E807HE77RUS,SMITH
M516CH161RUS,EVANS
89587X197RUS,YOUNG
7781KT197RUS,GREEN
E645TH36RUS,WARD
Y302E877RUS,NELSON
M058XE36RUS,JOHNSON
8166XX154RUS,BENNETT
M589CH197RUS,ROBINSON
9408H7178RUS,WILSON
H387TM197RUS,MORALES
8049HT125RUS,WOOD
9698MO178RUS,MENDOZA
8685HE154RUS,RAMOS
7177TT36RUS,WALKER
O77997197RUS,CARTER
Y234E877RUS,MORRIS
97987H178RUS,JAMES
X257HE161RUS,MARTIN
T399KX197RUS,CAMPBELL
H957HY161RUS,COLLINS
K379HY161RUS,RICHARDSON
T654HT96RUS,ADAMS
8439XX154RUS,HALL
Y965EE197RUS,MOORE
X758HY197RUS,MENDOZA
M0279X197RUS,MORGAN
H224X836RUS,WHITE
E6849O154RUS,THOMAS
O83797197RUS,ANDERSON
9402KK197RUS,ROSS
7368C8197RUS,PARKER
H427YH197RUS,ADAMS
9583EY178RUS,COOPER
Y038E877RUS,WRIGHT
9822H8161RUS,MARTINEZ
7826C8197RUS,SCOTT
E160YX77RUS,BROOKS
82337X197RUS,CARTER
X757HY197RUS,BROOKS
X765HY197RUS,RUIZ
934497178RUS,CASTILLO
K2807K154RUS,KELLY
T8008Y125RUS,BROOKS
Y960EE197RUS,ANDERSON
7840C8197RUS,KELLY
K846YE77RUS,ANDERSON
7827C8197RUS,BAKER
Y655E8750RUS,SANDERS
H003MH197RUS,BENNETT
Y7699C197RUS,GOMEZ
Y8399C197RUS,BAKER
9135X938RUS,SMITH
H385TM197RUS,TURNER
9428EX178RUS,COOK
H837YK197RUS,NELSON
O83597197RUS,RAMOS
E42577152RUS,LONG
E53277152RUS,CASTILLO
C476M7161RUS,MOORE
9943KK197RUS,SANCHEZ
8165XX154RUS,WARD
T476KX197RUS,WALKER
C422X938RUS,CRUZ
K328T8197RUS,MURPHY
9466EX178RUS,MARTIN
X256HE161RUS,ROBERTS
Y275O8197RUS,RICHARDSON
H217X836RUS,ALLEN
Y316E877RUS,MORGAN
8601XX154RUS,SANDERS
M741T9152RUS,HARRIS
9883HX152RUS,HILL
Y6829Y50RUS,DIAZ
H004MH197RUS,MARTINEZ
704987163RUS,LEWIS
E316EH197RUS,GONZALEZ
O22297197RUS,HARRIS
O02597197RUS,MURPHY
X015HY197RUS,SANDERS
T769OT197RUS,STEWART
Y778EE197RUS,TURNER
7829C8197RUS,MORGAN
T272HH163RUS,RUIZ
T018OX197RUS,ROBERTS
Y255E877RUS,MORALES
9697MO178RUS,THOMPSON
T686EO197RUS,MILLER
C590EY154RUS,KIM
T941CC96RUS,HUGHES
O22397197RUS,MILLER
X242EC197RUS,BAILEY
T020OX197RUS,GOMEZ
E33577152RUS,BENNETT
E773EH197RUS,WATSON
T6428M116RUS,DIAZ
Y7129Y50RUS,BROWN
Y418EX197RUS,JOHNSON
Y7689C197RUS,TAYLOR
E52877152RUS,JONES
7369C8197RUS,MORGAN
Y166O8161RUS,COLLINS
705287163RUS,SMITH
K559KC161RUS,PETERSON
M0299X197RUS,MOORE
84418C154RUS,RICHARDSON
E53488152RUS,RAMIREZ
90159H178RUS,RICHARDSON
C798ET50RUS,HERNANDEZ
Y193O8161RUS,GREEN
7248C8197RUS,COOPER
K357YE77RUS,EDWARDS
E0697X152RUS,WILSON
E40877152RUS,RODRIGUEZ
Y351O8197RUS,EDWARDS
Y356O8197RUS,NGUYEN
O6939X163RUS,WOOD
Y7649C197RUS,KING
9935TE152RUS,PARKER
704687163RUS,WOOD
7197TT36RUS,MORALES
O143HO197RUS,SANDERS
K436MO152RUS,HUGHES
9938OH154RUS,RODRIGUEZ
E34877152RUS,MOORE
E5878M777RUS,BROOKS
7844C8197RUS,PHILLIPS
C584EY154RUS,STEWART
E28977161RUS,LONG
T016OX197RUS,ALVAREZ
H889YK197RUS,DIAZ
7363C8197RUS,YOUNG
T6039O50RUS,PARKER
7365C8197RUS,MORALES
Y967O8197RUS,REYES
E816HE77RUS,GARCIA
T6329O50RUS,HILL
X504X8197RUS,HALL
M581CH197RUS,CHAVEZ
X523OM161RUS,WATSON
C412X938RUS,ROSS
7831C8197RUS,EDWARDS
8164XX154RUS,MILLER
T6419O50RUS,ADAMS
E822TH36RUS,RAMIREZ
8437XX154RUS,BAILEY
C515X938RUS,WILLIAMS
7172TT36RUS,WALKER
8436XX154RUS,HOWARD
E79988152RUS,RAMOS
8180XX154RUS,COOPER
84438C154RUS,ROBERTS
T6309O50RUS,WHITE
T6129O50RUS,CARTER
K339T8197RUS,PEREZ
X782CO96RUS,JIMENEZ
E591HE77RUS,WARD
9499KX178RUS,ROSS
Y357O8197RUS,ROGERS
Y652O8197RUS,GONZALEZ
X767HY197RUS,DIAZ
H220X836RUS,KELLY
H218X836RUS,REED
T913CT197RUS,RAMIREZ
T6439O50RUS,GOMEZ
7784KT197RUS,SANCHEZ
X286TC36RUS,FOSTER
O752MX161RUS,BAKER
Y7449Y50RUS,GONZALEZ
92828M178RUS,SANDERS
Y650E8750RUS,HILL
8321XX154RUS,CLARK
8316XX154RUS,TORRES
T017OX197RUS,GUTIERREZ
H977HY161RUS,RAMIREZ
X522OM161RUS,GRAY
O085E8197RUS,RAMOS
705387163RUS,MOORE
O017KO197RUS,JIMENEZ
X4138H125RUS,MORGAN
8441XX154RUS,ORTIZ
M0269X197RUS,WARD
T483CT96RUS,PEREZ
T940CC96RUS,GUTIERREZ
C58078163RUS,CAMPBELL
O02397197RUS,PHILLIPS
8611T8154RUS,ALVAREZ
704787163RUS,PATEL
C313MM99RUS,HALL
X763HY197RUS,LEE
M386M9197RUS,HOWARD
8605T8154RUS,BROWN
7147OE161RUS,WOOD
7361C8197RUS,BROOKS
Y359EY197RUS,MURPHY
T6559O50RUS,THOMAS
9469EX178RUS,CLARK
Y6839Y50RUS,ROBINSON
H237YH197RUS,JAMES
T948OM96RUS,COOK
T395KX197RUS,DAVIS
M301CH161RUS,MURPHY
9496KX178RUS,BROOKS
T6319O50RUS,SCOTT
H305T8197RUS,EDWARDS
8201XX154RUS,ORTIZ
O64297197RUS,JACKSON
9523M8178RUS,KING
Y273O8197RUS,JOHNSON
T6229O50RUS,EDWARDS
X023HY197RUS,MOORE
8226XX154RUS,BROOKS
Y038TO197RUS,WILLIAMS
M0289X197RUS,ROBERTS
E811HE77RUS,BENNETT
X795O796RUS,FLORES
O39997197RUS,LEE
97968K152RUS,CRUZ
H219X836RUS,COOPER
T6169O50RUS,GONZALEZ
94178K154RUS,MARTIN
9467EX178RUS,WILLIAMS
O78097197RUS,ALVAREZ
X5707X161RUS,BROOKS
Y232E877RUS,EDWARDS
Y388E877RUS,GARCIA
X255HE161RUS,WILLIAMS
E552MO152RUS,ROBINSON
97998K152RUS,JACKSON
Y963O8197RUS,RAMIREZ
T477KX197RUS,PETERSON
T2639T116RUS,LONG
O49797197RUS,WILLIAMS
O68897197RUS,PATEL
72457Y96RUS,CHAVEZ
7064C8197RUS,PRICE
E948C8152RUS,COX
C514X938RUS,TURNER
C589EY154RUS,LEWIS
K899T8197RUS,GONZALEZ
T6418M116RUS,WOOD
8607XX154RUS,BAILEY
92778M178RUS,LOPEZ
T288CT96RUS,WALKER
9886HX152RUS,ALLEN
C583EY154RUS,COOPER
C592EY154RUS,BAKER
T6459O50RUS,DIAZ
X759HY197RUS,ADAMS
705787163RUS,YOUNG
92898M178RUS,SMITH
9671EC178RUS,HILL
M302CH161RUS,GONZALEZ
M578CH197RUS,RICHARDSON
Y207O8161RUS,ANDERSON
96659X178RUS,RIVERA
T912CT197RUS,RAMOS
7183TT36RUS,LEE
89557X197RUS,HALL
Y359O8197RUS,HOWARD
K2817K154RUS,SANDERS
Y964O8197RUS,LEE
H967HY161RUS,MURPHY
E394MO152RUS,RAMOS
O50699163RUS,RAMOS
9463EX178RUS,EVANS
E53677152RUS,FLORES
K338T8197RUS,CLARK
Y4298M777RUS,RAMOS
Y687HM197RUS,TURNER
98037H178RUS,WRIGHT
7828C8197RUS,MILLER
H980HY161RUS,MOORE
H906YK197RUS,ALVAREZ
7199MT197RUS,THOMAS
X908XC197RUS,WALKER
T171CC96RUS,BROWN
X4108H125RUS,WRIGHT
Y966O8197RUS,SANCHEZ
K2797K154RUS,ROBERTS
7089H8163RUS,ORTIZ
7841C8197RUS,REYES
9940KK197RUS,MORRIS
H971HY161RUS,RUIZ
H844YH197RUS,MARTIN
E33477152RUS,HARRIS
Y156E877RUS,BAKER
E396MO152RUS,GOMEZ
Y969O8197RUS,MORGAN
9028CO161RUS,PARKER
T6249O50RUS,RIVERA
E42377152RUS,WALKER
9941KK197RUS,PATEL
M372CH197RUS,PATEL
K040CC197RUS,GARCIA
E41577152RUS,HERNANDEZ
9763HY161RUS,MOORE
T535ET96RUS,ROGERS
H961HY161RUS,COOK
M2169X197RUS,KIM
8234XX154RUS,TURNER
O83697197RUS,CRUZ
E52677152RUS,MOORE
8451M7154RUS,MYERS
9589EY178RUS,HOWARD
H907YK197RUS,COX
O39897197RUS,LEWIS
M3879X197RUS,THOMAS
C299K9154RUS,KIM
9468EX178RUS,YOUNG
M375CH197RUS,CLARK
H982HY161RUS,BROOKS
8224XX154RUS,PEREZ
Y653E8750RUS,MORRIS
K558KC161RUS,REYES
O058M7161RUS,COX
M256OH161RUS,BENNETT
T242H8197RUS,WATSON
K27188138RUS,RIVERA
96629X178RUS,WRIGHT
9881HX152RUS,TURNER
T479KX197RUS,MARTINEZ
M680T9152RUS,MORRIS
C410X938RUS,WALKER
X762HY197RUS,FLORES
9470EX178RUS,BENNETT
X4128H125RUS,SMITH
9762HY161RUS,PETERSON
H419XE197RUS,WILSON
98017H178RUS,NGUYEN
Y780EE197RUS,EDWARDS
M580CH197RUS,PEREZ
9943OH154RUS,MENDOZA
Y354O8197RUS,MORALES
7065C8197RUS,LEE
E28777161RUS,MORGAN
M701T9152RUS,JOHNSON
E577HE77RUS,THOMPSON
92788M178RUS,HARRIS
9072EM178RUS,EVANS
9409H7178RUS,EDWARDS
C3829X154RUS,FLORES
T478KX197RUS,PATEL
T119CT96RUS,WHITE
708487163RUS,KIM
H983HY161RUS,REED
7842C8197RUS,HERNANDEZ
O64097197RUS,RAMIREZ
Y693HM197RUS,STEWART
96857X197RUS,CAMPBELL
T394KX197RUS,THOMPSON
O49897197RUS,HERNANDEZ
H963X936RUS,COLLINS
T341CC96RUS,EVANS
9942KK197RUS,PATEL
9141H8178RUS,EDWARDS
7370C8197RUS,YOUNG
9890HX152RUS,LOPEZ
M268CH197RUS,MILLER
C419X938RUS,HERNANDEZ
M0319X197RUS,SANCHEZ
M577CH197RUS,ALVAREZ
H975HY161RUS,COX
X018HY197RUS,WALKER
E33177152RUS,MORALES
9491H7178RUS,ROSS
M374CH197RUS,CHAVEZ
96679X178RUS,BAILEY
9594HY161RUS,RUIZ
83218C154RUS,LOPEZ
9764HY161RUS,THOMAS
708187163RUS,NELSON
H908YK197RUS,JOHNSON
Y656E8750RUS,SCOTT
9679EC178RUS,EDWARDS
C803KE163RUS,MORGAN
Y7379Y50RUS,ROGERS
X320MK197RUS,EVANS
96907X197RUS,WILLIAMS
H235YH197RUS,PETERSON
9474EX178RUS,MARTINEZ
Y8259C197RUS,BAKER
E29577161RUS,YOUNG
X761HY197RUS,JACKSON
T396KX197RUS,JOHNSON
C593EY154RUS,MORGAN
Y164O8161RUS,YOUNG
M942OT152RUS,REED
Y7429Y50RUS,ROBERTS
H976HY161RUS,JACKSON
Y195O8161RUS,CASTILLO
O669E8197RUS,SCOTT
Y187O8161RUS,ROGERS
K329T8197RUS,MENDOZA
9677MO178RUS,COLLINS
9939KK197RUS,RUIZ
M373CH197RUS,ANDERSON
7164YM36RUS,BROWN
O753MX161RUS,HARRIS
T6488M116RUS,KELLY
98047H178RUS,BROOKS
9488EY178RUS,MITCHELL
O481OH77RUS,CASTILLO
K326T8197RUS,KELLY
X796TH96RUS,KING
Y358O8197RUS,MORGAN
C420X938RUS,HOWARD
Y965O8197RUS,MARTIN
Y274O8197RUS,SANDERS
E223YM197RUS,CRUZ
Y964EE197RUS,WILSON
T6049O50RUS,BROWN
H259HY161RUS,COOPER
Y344E877RUS,PEREZ
K889HY161RUS,ROBINSON
H214X836RUS,COLLINS
O421OT161RUS,HARRIS
7360C8197RUS,WALKER
Y194O8161RUS,MORALES
T6359O50RUS,BAKER
E29677161RUS,ORTIZ
T020MM116RUS,KIM
9502XX38RUS,RAMIREZ
8521XX154RUS,COOK
K376HE161RUS,WARD
7193TT36RUS,WRIGHT
O785T9163RUS,TORRES
H618YC38RUS,TORRES
9068EM178RUS,ADAMS
7783KT197RUS,DAVIS
Y305E877RUS,HARRIS
E881OT197RUS,DAVIS
O718MM163RUS,THOMPSON
9975CC77RUS,JOHNSON
T195OK161RUS,CRUZ
T914CT197RUS,BAILEY
E41977152RUS,EDWARDS
9464EX178RUS,RIVERA
O50197197RUS,JACKSON
7608EE777RUS,MILLER
X583HE161RUS,KING
Y7229Y50RUS,WATSON
M6977E152RUS,TURNER
8325M7154RUS,REYES
Y192O8161RUS,ROGERS
96599X178RUS,PHILLIPS
X760HY197RUS,EVANS
H966HY161RUS,JAMES
9938KK197RUS,DIAZ
98087H178RUS,CASTILLO
7367C8197RUS,THOMAS
9137X938RUS,THOMAS
9398MM199RUS,BENNETT
E53477152RUS,WRIGHT
7194TT36RUS,WALKER
O136HO197RUS,HOWARD
O22097197RUS,EVANS
M0309X197RUS,ROGERS
O673E8197RUS,WILSON
8610T8154RUS,DIAZ
